{"bleu_score": 0.27765044891409346, "_timestamp": 1716983736.673673, "_runtime": 5.76941990852356, "_step": 6999, "_wandb": {"runtime": 5}}